{
"lowlevel": {
    "flatness": {
        "mean": [0.536428272724],
        "var": [0.000237005588133]
    }
},
"audio_file": ["001064"]
}