{
"lowlevel": {
    "centroid": {
        "mean": [0.585412323475],
        "var": [0.000244853727054]
    },
    "flatness": {
        "mean": [0.543846547604],
        "var": [0.000107631080027]
    },
    "loudness": {
        "mean": [9.81278117251e-06],
        "var": [4.45755021436e-12]
    },
    "mfcc": {
        "mean": [-1254.69799805, 13.7186956406, 11.6310482025, 8.43663215637, 4.5189909935, 0.337276995182, -3.6387155056, -6.98827791214, -9.3922290802, -10.6656255722, -10.7702770233, -9.80549812317, -7.98176240921],
        "var": [12.0295848846, 21.4730739594, 14.9482326508, 7.46376132965, 2.06221246719, 0.288935393095, 1.67770409584, 4.43564558029, 6.69600439072, 7.46210718155, 6.76430416107, 5.19555664062, 3.36875343323]
    },
    "spectralContrast": {
        "mean": [-0.854474723339, -0.914870560169, -0.920749008656, -0.92693477869, -0.928446471691, -0.848680198193],
        "var": [8.44278401928e-05, 0.000158265087521, 3.44197251252e-05, 4.39861287305e-05, 9.6757121355e-06, 1.04773280327e-05]
    },
    "spectral_complexity": {
        "mean": [0],
        "var": [0]
    }
},
"audio_file": ["000529"]
}